"Precinct","Registered","Ballots Cast","Donald J. Trump","Hillary Rodham Clinton","Percent Trump","Percent Clinton","Voter turnout","Democrat minus Republican"
1002,0,0,0,0,0,0,0,0
1004,0,0,0,0,0,0,0,0
1006,0,0,0,0,0,0,0,0
1008,0,0,0,0,0,0,0,0
1010,0,0,0,0,0,0,0,0
1012,0,0,0,0,0,0,0,0
1014,0,0,0,0,0,0,0,0
1016,1,0,0,0,0,0,0,0
1018,2440,1939,1254,609,64.6725116,31.40794224,79.46721311,-33.26456936
1020,0,0,0,0,0,0,0,0
1022,2568,2027,1269,656,62.60483473,32.36309817,78.93302181,-30.24173656
1024,7,4,2,2,50,50,57.14285714,0
1026,1255,989,601,352,60.76845298,35.59150657,78.80478088,-25.17694641
1028,1951,1551,964,514,62.15344939,33.13990974,79.49769349,-29.01353965
1030,75,63,36,24,57.14285714,38.0952381,84,-19.04761904
1032,1146,928,577,312,62.17672414,33.62068966,80.97731239,-28.55603448
1034,473,428,277,139,64.71962617,32.47663551,90.48625793,-32.24299066
1036,0,0,0,0,0,0,0,0
1038,2725,2205,1294,790,58.68480726,35.8276644,80.91743119,-22.85714286
1040,897,768,439,293,57.16145833,38.15104167,85.6187291,-19.01041666
1042,0,0,0,0,0,0,0,0
1044,578,387,57,315,14.72868217,81.39534884,66.9550173,66.66666667
1046,573,364,111,237,30.49450549,65.10989011,63.52530541,34.61538462
1048,1182,924,528,362,57.14285714,39.17748918,78.17258883,-17.96536796
1050,1466,1246,679,504,54.49438202,40.4494382,84.99317872,-14.04494382
1052,2997,2235,1155,945,51.67785235,42.28187919,74.57457457,-9.39597316
1054,2423,1953,1078,784,55.19713262,40.14336918,80.60255881,-15.05376344
1056,1583,1188,609,504,51.26262626,42.42424242,75.0473784,-8.83838384
1058,2284,1746,862,786,49.36998855,45.01718213,76.44483363,-4.35280642
1060,267,168,95,58,56.54761905,34.52380952,62.92134831,-22.02380953
1062,2324,1861,1055,697,56.68995164,37.45298227,80.07745267,-19.23696937
1064,257,204,110,86,53.92156863,42.15686275,79.37743191,-11.76470588
1066,0,0,0,0,0,0,0,0
1068,1905,1397,771,567,55.1896922,40.58697208,73.33333333,-14.60272012
1070,221,160,80,68,50,42.5,72.39819005,-7.5
1072,2427,1945,1073,789,55.16709512,40.5655527,80.14009065,-14.60154242
1074,3319,2734,1442,1158,52.74323336,42.35552304,82.3742091,-10.38771032
1076,1758,1365,668,619,48.93772894,45.34798535,77.64505119,-3.58974359
1078,1595,1298,822,411,63.32819723,31.66409861,81.37931034,-31.66409862
1080,300,245,155,80,63.26530612,32.65306122,81.66666667,-30.6122449
1082,289,235,137,86,58.29787234,36.59574468,81.31487889,-21.70212766
1084,64,52,39,8,75,15.38461538,81.25,-59.61538462
1088,70,63,44,15,69.84126984,23.80952381,90,-46.03174603
1094,1964,1547,865,606,55.91467356,39.17259211,78.76782077,-16.74208145
1096,157,129,79,45,61.24031008,34.88372093,82.1656051,-26.35658915
1098,967,758,463,259,61.0817942,34.16886544,78.38676319,-26.91292876
1100,1221,890,461,389,51.79775281,43.70786517,72.89107289,-8.08988764
1102,2245,1685,889,714,52.75964392,42.37388724,75.05567929,-10.38575668
1104,1411,1057,546,446,51.65562914,42.1948912,74.91141035,-9.46073794
1106,1187,957,531,391,55.48589342,40.85684431,80.62342039,-14.62904911
1108,1866,1457,745,647,51.13246397,44.40631434,78.08145766,-6.72614963
1110,323,247,126,102,51.01214575,41.29554656,76.47058824,-9.71659919
1112,122,91,60,26,65.93406593,28.57142857,74.59016393,-37.36263736
1114,543,454,307,129,67.62114537,28.41409692,83.60957643,-39.20704845
1116,0,0,0,0,0,0,0,0
1118,641,450,250,175,55.55555556,38.88888889,70.20280811,-16.66666667
1120,384,306,205,91,66.99346405,29.73856209,79.6875,-37.25490196
1122,158,129,90,39,69.76744186,30.23255814,81.64556962,-39.53488372
1124,3,3,2,1,66.66666667,33.33333333,100,-33.33333334
1126,1804,1425,903,470,63.36842105,32.98245614,78.99113082,-30.38596491
1128,378,315,200,102,63.49206349,32.38095238,83.33333333,-31.11111111
1130,5,4,4,0,100,0,80,-100
1132,4,0,0,0,0,0,0,0
1134,0,0,0,0,0,0,0,0
1136,2053,1637,956,612,58.3995113,37.38546121,79.73697029,-21.01405009
1138,1362,1169,777,338,66.46706587,28.91360137,85.82966226,-37.5534645
1140,1136,1008,610,365,60.51587302,36.21031746,88.73239437,-24.30555556
1142,1193,980,597,351,60.91836735,35.81632653,82.1458508,-25.10204082
1144,1776,1431,804,568,56.18448637,39.69252271,80.57432432,-16.49196366
1146,68,55,30,20,54.54545455,36.36363636,80.88235294,-18.18181819
1148,1339,1050,586,414,55.80952381,39.42857143,78.4167289,-16.38095238
1150,0,0,0,0,0,0,0,0
1152,133,91,53,36,58.24175824,39.56043956,68.42105263,-18.68131868
1154,552,431,267,148,61.94895592,34.3387471,78.07971014,-27.61020882
1156,1,1,1,0,100,0,100,-100
1158,2,3,2,1,66.66666667,33.33333333,150,-33.33333334
1160,3,3,0,3,0,100,100,100
1162,5,5,3,2,60,40,100,-20
1164,196,158,111,42,70.25316456,26.58227848,80.6122449,-43.67088608
1166,40,35,22,10,62.85714286,28.57142857,87.5,-34.28571429
1168,0,1,1,0,100,0,0,-100
1170,0,0,0,0,0,0,0,0
1172,489,387,228,140,58.91472868,36.17571059,79.14110429,-22.73901809
1173,253,196,119,71,60.71428571,36.2244898,77.47035573,-24.48979591
1174,0,0,0,0,0,0,0,0
1176,0,0,0,0,0,0,0,0
1178,0,0,0,0,0,0,0,0
1180,0,1,0,1,0,100,0,100
1182,555,416,255,143,61.29807692,34.375,74.95495495,-26.92307692
1184,1418,1221,552,621,45.20884521,50.85995086,86.10719323,5.65110565000001
1186,1435,1126,496,591,44.04973357,52.48667851,78.46689895,8.43694494
1188,861,696,324,341,46.55172414,48.99425287,80.83623693,2.44252873
1189,65,54,41,10,75.92592593,18.51851852,83.07692308,-57.40740741
1190,3100,2524,1376,1048,54.51664025,41.52139461,81.41935484,-12.99524564
1192,1465,1160,660,463,56.89655172,39.9137931,79.18088737,-16.98275862
1194,2005,1731,855,800,49.39341421,46.21606008,86.33416459,-3.17735413
1196,0,0,0,0,0,0,0,0
1198,1485,1022,467,504,45.69471624,49.31506849,68.82154882,3.62035225
1200,1,1,1,0,100,0,100,-100
1202,2146,1668,1021,588,61.21103118,35.25179856,77.72600186,-25.95923262
1204,46,39,24,12,61.53846154,30.76923077,84.7826087,-30.76923077
1206,86,82,62,13,75.6097561,15.85365854,95.34883721,-59.75609756
1208,1734,1437,837,542,58.24634656,37.71746695,82.87197232,-20.52887961
1210,625,501,264,205,52.69461078,40.91816367,80.16,-11.77644711
1212,164,104,59,40,56.73076923,38.46153846,63.41463415,-18.26923077
1214,946,780,439,306,56.28205128,39.23076923,82.45243129,-17.05128205
1216,541,412,220,160,53.39805825,38.83495146,76.15526802,-14.56310679
1218,0,0,0,0,0,0,0,0
1220,0,0,0,0,0,0,0,0
1222,0,0,0,0,0,0,0,0
1224,0,0,0,0,0,0,0,0
1226,0,0,0,0,0,0,0,0
1228,430,357,218,131,61.06442577,36.69467787,83.02325581,-24.3697479
1230,0,0,0,0,0,0,0,0
1232,0,0,0,0,0,0,0,0
1234,0,0,0,0,0,0,0,0
1236,0,0,0,0,0,0,0,0
1238,1642,1422,715,646,50.28129395,45.42897328,86.60170524,-4.85232066999999
1240,2470,2011,1034,895,51.41720537,44.50522128,81.41700405,-6.91198409
1242,2481,2048,992,994,48.4375,48.53515625,82.54735994,0.09765625
1244,1512,1206,634,536,52.57048093,44.44444444,79.76190476,-8.12603648999999
1246,2342,1821,882,863,48.43492586,47.39154311,77.75405636,-1.04338275
1247,227,188,138,42,73.40425532,22.34042553,82.81938326,-51.06382979
1248,1491,1165,598,526,51.3304721,45.15021459,78.13547954,-6.18025751
1250,60,47,29,17,61.70212766,36.17021277,78.33333333,-25.53191489
1252,2319,2070,905,1098,43.71980676,53.04347826,89.2626132,9.3236715
1254,453,377,160,198,42.4403183,52.5198939,83.22295806,10.0795756
1256,5,5,5,0,100,0,100,-100
1258,768,521,209,284,40.11516315,54.51055662,67.83854167,14.39539347
1260,1297,1049,537,459,51.19161106,43.75595806,80.87895143,-7.435653
1262,0,0,0,0,0,0,0,0
1264,1,1,1,0,100,0,100,-100
1266,470,302,109,173,36.09271523,57.28476821,64.25531915,21.19205298
1268,287,170,56,100,32.94117647,58.82352941,59.23344948,25.88235294
1270,9,8,0,7,0,87.5,88.88888889,87.5
1272,1899,1459,675,725,46.26456477,49.69156957,76.82991048,3.4270048
1274,1597,1195,562,570,47.0292887,47.69874477,74.82780213,0.669456070000003
1276,286,180,95,77,52.77777778,42.77777778,62.93706294,-10
1278,819,555,190,328,34.23423423,59.0990991,67.76556777,24.86486487
1280,392,303,164,130,54.12541254,42.90429043,77.29591837,-11.22112211
1282,188,110,59,42,53.63636364,38.18181818,58.5106383,-15.45454546
1284,2263,1632,721,838,44.17892157,51.34803922,72.1166593,7.16911765
1286,151,110,58,43,52.72727273,39.09090909,72.84768212,-13.63636364
1288,39,27,11,14,40.74074074,51.85185185,69.23076923,11.11111111
1290,2134,1675,831,777,49.6119403,46.3880597,78.49109653,-3.2238806
1292,68,58,36,21,62.06896552,36.20689655,85.29411765,-25.86206897
1294,133,106,74,27,69.81132075,25.47169811,79.69924812,-44.33962264
1296,704,465,242,203,52.04301075,43.65591398,66.05113636,-8.38709676999999
1298,82,70,34,34,48.57142857,48.57142857,85.36585366,0
1300,3,3,2,1,66.66666667,33.33333333,100,-33.33333334
1302,133,99,61,32,61.61616162,32.32323232,74.43609023,-29.2929293
1304,661,438,234,180,53.42465753,41.09589041,66.26323752,-12.32876712
1306,7,2,0,1,0,50,28.57142857,50
1308,138,113,67,44,59.2920354,38.9380531,81.88405797,-20.3539823
1310,4,3,2,1,66.66666667,33.33333333,75,-33.33333334
1312,24,15,12,3,80,20,62.5,-60
1314,221,189,120,60,63.49206349,31.74603175,85.52036199,-31.74603174
1316,453,315,155,146,49.20634921,46.34920635,69.53642384,-2.85714286
1318,0,0,0,0,0,0,0,0
1320,189,160,115,38,71.875,23.75,84.65608466,-48.125
1322,8,8,5,3,62.5,37.5,100,-25
1324,1259,970,471,443,48.55670103,45.67010309,77.04527403,-2.88659793999999
1326,552,452,248,191,54.86725664,42.25663717,81.88405797,-12.61061947
1328,2025,1568,849,638,54.14540816,40.68877551,77.43209877,-13.45663265
1330,109,70,38,29,54.28571429,41.42857143,64.22018349,-12.85714286
1332,998,713,373,304,52.3141655,42.63674614,71.44288577,-9.67741936
1334,8,6,5,1,83.33333333,16.66666667,75,-66.66666666
1336,167,141,91,44,64.53900709,31.20567376,84.43113772,-33.33333333
1338,557,472,337,99,71.39830508,20.97457627,84.73967684,-50.42372881
1340,11,11,8,2,72.72727273,18.18181818,100,-54.54545455
1342,841,652,325,299,49.84662577,45.85889571,77.52675386,-3.98773006
1344,1131,903,505,370,55.92469546,40.97452935,79.84084881,-14.95016611
1346,1919,1489,829,598,55.67494963,40.161182,77.59249609,-15.51376763
1348,190,163,117,44,71.7791411,26.99386503,85.78947368,-44.78527607
1350,1367,1067,608,407,56.98219306,38.1443299,78.05413314,-18.83786316
1352,2177,1680,880,724,52.38095238,43.0952381,77.17041801,-9.28571428
1354,337,278,164,100,58.99280576,35.97122302,82.4925816,-23.02158274
1356,1766,1290,453,780,35.11627907,60.46511628,73.04643262,25.34883721
1358,12,8,1,7,12.5,87.5,66.66666667,75
1360,875,654,313,314,47.85932722,48.01223242,74.74285714,0.152905200000006
1362,469,299,116,167,38.79598662,55.85284281,63.75266525,17.05685619
1364,318,186,24,159,12.90322581,85.48387097,58.49056604,72.58064516
1366,203,151,82,65,54.30463576,43.04635762,74.38423645,-11.25827814
1368,1,0,0,0,0,0,0,0
1370,338,240,138,97,57.5,40.41666667,71.00591716,-17.08333333
1372,156,101,27,72,26.73267327,71.28712871,64.74358974,44.55445544
1374,438,254,78,169,30.70866142,66.53543307,57.99086758,35.82677165
1376,0,0,0,0,0,0,0,0
1378,1832,1259,383,833,30.42096902,66.16362192,68.72270742,35.7426529
1380,671,500,290,193,58,38.6,74.51564829,-19.4
1382,860,642,362,259,56.38629283,40.34267913,74.65116279,-16.0436137
1384,1178,901,553,321,61.37624861,35.62708102,76.48556876,-25.74916759
1386,2236,1738,1026,639,59.03337169,36.76639816,77.72808587,-22.26697353
1388,1025,721,427,272,59.22330097,37.72538141,70.34146341,-21.49791956
1390,2108,1655,962,614,58.12688822,37.09969789,78.51043643,-21.02719033
1392,1278,1021,531,443,52.00783546,43.38883448,79.89045383,-8.61900098
1394,1192,922,522,353,56.61605206,38.28633406,77.34899329,-18.329718
2002,346,290,119,157,41.03448276,54.13793103,83.8150289,13.10344827
2004,1784,1306,320,949,24.50229709,72.66462481,73.20627803,48.16232772
2006,360,230,58,161,25.2173913,70,63.88888889,44.7826087
2008,0,0,0,0,0,0,0,0
2010,1179,969,388,563,40.04127967,58.10113519,82.18829517,18.05985552
2012,87,64,23,38,35.9375,59.375,73.56321839,23.4375
2014,1814,1517,647,844,42.64996704,55.63612393,83.62734289,12.98615689
2016,1804,1410,587,777,41.63120567,55.10638298,78.15964523,13.47517731
2018,1929,1612,778,791,48.2630273,49.06947891,83.56661483,0.806451610000003
2020,431,294,94,184,31.97278912,62.58503401,68.21345708,30.61224489
2021,329,238,47,178,19.74789916,74.78991597,72.34042553,55.04201681
2022,1441,1109,422,652,38.05229937,58.79170424,76.96044414,20.73940487
2024,1466,1162,423,706,36.40275387,60.75731497,79.2633015,24.3545611
2026,1228,924,355,536,38.41991342,58.00865801,75.24429967,19.58874459
2028,760,525,214,293,40.76190476,55.80952381,69.07894737,15.04761905
2030,984,658,151,485,22.94832827,73.70820669,66.8699187,50.75987842
2032,2,2,1,1,50,50,100,0
2034,0,0,0,0,0,0,0,0
2036,1469,1083,415,628,38.31948292,57.98707295,73.72362151,19.66759003
2038,1259,882,170,681,19.27437642,77.21088435,70.05559968,57.93650793
2040,1464,967,237,688,24.50879007,71.14788004,66.05191257,46.63908997
2041,1245,717,186,504,25.94142259,70.29288703,57.59036145,44.35146444
2042,0,0,0,0,0,0,0,0
2044,1869,1192,271,873,22.73489933,73.23825503,63.77742108,50.5033557
2046,883,624,219,380,35.09615385,60.8974359,70.66817667,25.80128205
2048,5,2,1,1,50,50,40,0
2050,57,35,19,13,54.28571429,37.14285714,61.40350877,-17.14285715
2052,921,679,148,500,21.79675994,73.6377025,73.72421281,51.84094256
2054,2019,1449,326,1076,22.49827467,74.25810904,71.76820208,51.75983437
2056,1378,772,214,530,27.72020725,68.65284974,56.02322206,40.93264249
2058,13,1,1,0,100,0,7.692307692,-100
2060,831,489,184,293,37.62781186,59.91820041,58.84476534,22.29038855
2062,24,14,4,9,28.57142857,64.28571429,58.33333333,35.71428572
2064,3,2,1,1,50,50,66.66666667,0
2066,332,243,66,155,27.16049383,63.78600823,73.19277108,36.6255144
2068,967,660,192,429,29.09090909,65,68.25232678,35.90909091
2070,1319,962,344,561,35.75883576,58.31600832,72.93404094,22.55717256
2072,1248,780,231,496,29.61538462,63.58974359,62.5,33.97435897
2074,0,0,0,0,0,0,0,0
2076,421,273,116,129,42.49084249,47.25274725,64.8456057,4.76190475999999
2078,1364,1088,512,529,47.05882353,48.62132353,79.76539589,1.5625
2080,403,340,165,162,48.52941176,47.64705882,84.36724566,-0.882352940000004
2081,164,138,82,48,59.42028986,34.7826087,84.14634146,-24.63768116
2082,543,411,261,133,63.50364964,32.36009732,75.69060773,-31.14355232
2083,41,30,18,8,60,26.66666667,73.17073171,-33.33333333
2084,551,416,116,285,27.88461538,68.50961538,75.49909256,40.625
2085,1,0,0,0,0,0,0,0
2086,2505,1804,582,1150,32.2616408,63.74722838,72.01596806,31.48558758
2087,0,0,0,0,0,0,0,0
2088,1843,1287,500,720,38.85003885,55.94405594,69.83179598,17.09401709
2090,0,0,0,0,0,0,0,0
2092,13,9,8,1,88.88888889,11.11111111,69.23076923,-77.77777778
2094,610,432,72,339,16.66666667,78.47222222,70.81967213,61.80555555
2096,509,261,61,190,23.37164751,72.79693487,51.27701375,49.42528736
2097,508,319,118,188,36.99059561,58.93416928,62.79527559,21.94357367
2098,954,605,185,398,30.5785124,65.78512397,63.41719078,35.20661157
2100,1620,1042,253,739,24.28023033,70.92130518,64.32098765,46.64107485
2102,2051,1412,309,1050,21.88385269,74.36260623,68.84446611,52.47875354
2104,1065,644,181,438,28.10559006,68.01242236,60.46948357,39.9068323
2106,1360,829,259,538,31.2424608,64.89746683,60.95588235,33.65500603
2108,1661,982,249,684,25.35641548,69.65376782,59.12101144,44.29735234
2110,398,259,85,165,32.81853282,63.70656371,65.07537688,30.88803089
2112,17,15,11,4,73.33333333,26.66666667,88.23529412,-46.66666666
2114,882,576,234,319,40.625,55.38194444,65.30612245,14.75694444
2115,174,97,41,52,42.26804124,53.60824742,55.74712644,11.34020618
2116,2006,1387,527,773,37.99567412,55.73179524,69.14257228,17.73612112
2117,0,0,0,0,0,0,0,0
2118,0,0,0,0,0,0,0,0
2120,128,97,20,75,20.6185567,77.31958763,75.78125,56.70103093
2122,1,0,0,0,0,0,0,0
2124,46,9,2,7,22.22222222,77.77777778,19.56521739,55.55555556
2125,960,669,310,330,46.33781764,49.32735426,69.6875,2.98953662
2126,718,561,271,253,48.30659537,45.09803922,78.13370474,-3.20855614999999
2127,0,0,0,0,0,0,0,0
2128,0,0,0,0,0,0,0,0
2130,139,108,59,40,54.62962963,37.03703704,77.69784173,-17.59259259
2132,71,52,28,21,53.84615385,40.38461538,73.23943662,-13.46153847
2134,1194,742,260,451,35.04043127,60.78167116,62.1440536,25.74123989
2136,1595,976,334,584,34.22131148,59.83606557,61.19122257,25.61475409
2138,714,427,131,271,30.67915691,63.46604215,59.80392157,32.78688524
2140,1456,1074,417,594,38.82681564,55.30726257,73.76373626,16.48044693
2142,832,670,337,304,50.29850746,45.37313433,80.52884615,-4.92537313
2144,1014,847,389,417,45.92680047,49.2325856,83.53057199,3.30578513
2146,1518,1264,639,587,50.55379747,46.43987342,83.26745718,-4.11392404999999
2148,0,0,0,0,0,0,0,0
2150,2197,1668,602,1033,36.0911271,61.93045564,75.92171142,25.83932854
2152,2329,1659,516,1088,31.10307414,65.58167571,71.23228854,34.47860157
2154,2386,1438,389,989,27.05146036,68.77607789,60.26823135,41.72461753
2156,1261,974,352,587,36.13963039,60.26694045,77.24028549,24.12731006
2158,2347,1511,381,1087,25.21508934,71.93911317,64.38005965,46.72402383
2160,1078,758,299,408,39.44591029,53.82585752,70.31539889,14.37994723
2162,720,498,222,263,44.57831325,52.81124498,69.16666667,8.23293173
2164,2423,1833,795,974,43.37152209,53.13693399,75.65002064,9.7654119
2166,1693,1313,463,814,35.26275704,61.99543031,77.55463674,26.73267327
2168,0,1,0,1,0,100,0,100
2170,2166,1601,536,1011,33.47907558,63.14803248,73.91505078,29.6689569
2172,22,18,8,8,44.44444444,44.44444444,81.81818182,0
2174,854,645,237,385,36.74418605,59.68992248,75.52693208,22.94573643
2180,0,0,0,0,0,0,0,0
2182,1260,788,243,508,30.83756345,64.46700508,62.53968254,33.62944163
2184,2165,1449,427,975,29.46859903,67.28778468,66.92840647,37.81918565
2186,677,389,119,250,30.59125964,64.26735219,57.45937962,33.67609255
2188,1385,1094,599,452,54.75319927,41.31627057,78.98916968,-13.4369287
2190,2006,1587,621,916,39.13043478,57.7189666,79.11266201,18.58853182
2192,1721,1361,432,881,31.74136664,64.73181484,79.08192911,32.9904482
2194,1771,1134,267,806,23.54497354,71.07583774,64.03162055,47.5308642
2196,1717,1298,536,718,41.29429892,55.31587057,75.59697146,14.02157165
2198,27,22,15,7,68.18181818,31.81818182,81.48148148,-36.36363636
2200,241,155,72,80,46.4516129,51.61290323,64.3153527,5.16129032999999
2202,4,5,4,1,80,20,125,-60
2204,1102,666,200,438,30.03003003,65.76576577,60.43557169,35.73573574
2206,944,607,160,423,26.35914333,69.68698517,64.30084746,43.32784184
2208,17,11,3,8,27.27272727,72.72727273,64.70588235,45.45454546
2210,434,257,73,173,28.40466926,67.3151751,59.21658986,38.91050584
2212,0,0,0,0,0,0,0,0
2214,1882,1284,250,991,19.47040498,77.18068536,68.22529224,57.71028038
2216,2620,1781,273,1445,15.32846715,81.13419427,67.97709924,65.80572712
2218,1923,1431,372,1010,25.99580713,70.58001398,74.4149766,44.58420685
3002,1655,1035,287,708,27.7294686,68.4057971,62.53776435,40.6763285
3004,172,95,33,57,34.73684211,60,55.23255814,25.26315789
3006,2188,1526,582,885,38.13892529,57.99475754,69.7440585,19.85583225
3008,0,2,1,1,50,50,0,0
3010,647,406,172,219,42.36453202,53.9408867,62.7511592,11.57635468
3012,1606,1175,538,584,45.78723404,49.70212766,73.16313823,3.91489362
3014,2659,2110,1040,971,49.28909953,46.01895735,79.35314028,-3.27014218
3016,110,74,20,52,27.02702703,70.27027027,67.27272727,43.24324324
3018,26,15,8,7,53.33333333,46.66666667,57.69230769,-6.66666666
3020,2137,1481,575,830,38.82511816,56.04321404,69.30276088,17.21809588
3022,1063,698,210,458,30.08595989,65.61604585,65.66321731,35.53008596
3024,1635,999,377,577,37.73773774,57.75775776,61.10091743,20.02002002
3026,0,0,0,0,0,0,0,0
3028,2,2,0,2,0,100,100,100
3030,1,1,1,0,100,0,100,-100
3032,1251,659,181,447,27.46585736,67.83004552,52.67785771,40.36418816
3034,244,182,81,89,44.50549451,48.9010989,74.59016393,4.39560439
3036,805,586,197,363,33.61774744,61.94539249,72.79503106,28.32764505
3038,1400,879,285,543,32.42320819,61.77474403,62.78571429,29.35153584
3040,1371,1050,314,685,29.9047619,65.23809524,76.58643326,35.33333334
3042,1604,1255,498,700,39.6812749,55.77689243,78.24189526,16.09561753
3044,500,290,73,204,25.17241379,70.34482759,58,45.1724138
3046,0,0,0,0,0,0,0,0
3048,1258,761,220,516,28.90932983,67.80551905,60.49284579,38.89618922
3050,22,7,2,5,28.57142857,71.42857143,31.81818182,42.85714286
3052,1000,524,135,355,25.76335878,67.7480916,52.4,41.98473282
3058,2,1,0,1,0,100,50,100
3060,341,198,29,155,14.64646465,78.28282828,58.06451613,63.63636363
3062,2008,1249,286,899,22.89831865,71.97758207,62.20119522,49.07926342
3064,1114,686,202,446,29.44606414,65.01457726,61.57989228,35.56851312
3066,934,556,148,364,26.61870504,65.4676259,59.52890792,38.84892086
3068,1267,933,324,551,34.7266881,59.056806,73.63851618,24.3301179
3070,1482,897,245,615,27.31326644,68.56187291,60.52631579,41.24860647
3071,0,0,0,0,0,0,0,0
3072,6,1,1,0,100,0,16.66666667,-100
3074,1185,872,385,437,44.15137615,50.1146789,73.58649789,5.96330275
3075,34,20,7,12,35,60,58.82352941,25
3076,172,96,31,56,32.29166667,58.33333333,55.81395349,26.04166666
3078,1492,1050,419,581,39.9047619,55.33333333,70.37533512,15.42857143
3080,1897,1114,230,841,20.64631957,75.49371634,58.72430153,54.84739677
3082,1712,1432,837,540,58.44972067,37.70949721,83.64485981,-20.74022346
3084,1757,1383,661,670,47.79464931,48.44540853,78.71371656,0.650759220000005
3086,2026,1445,708,654,48.99653979,45.25951557,71.32280355,-3.73702422
3088,261,197,43,148,21.82741117,75.12690355,75.4789272,53.29949238
3090,2750,2361,973,1321,41.21135112,55.95086828,85.85454545,14.73951716
3092,2479,2073,877,1133,42.30583695,54.65508924,83.6224284,12.34925229
3094,708,474,210,244,44.30379747,51.47679325,66.94915254,7.17299578
3096,1870,1446,583,812,40.31811895,56.1549101,77.32620321,15.83679115
3098,1709,1299,619,633,47.65204003,48.72979215,76.0093622,1.07775212000001
3100,1067,855,399,416,46.66666667,48.65497076,80.131209,1.98830409
3102,2278,1575,502,1019,31.87301587,64.6984127,69.13959614,32.82539683
3104,1090,852,401,412,47.0657277,48.35680751,78.16513761,1.29107981
3106,546,397,143,239,36.02015113,60.20151134,72.71062271,24.18136021
3108,1898,1403,410,928,29.22309337,66.14397719,73.9199157,36.92088382
3110,1486,1036,346,650,33.3976834,62.74131274,69.71736205,29.34362934
3112,1616,983,267,680,27.16174975,69.17599186,60.82920792,42.01424211
3114,971,642,287,328,44.70404984,51.09034268,66.11740474,6.38629284
3116,2437,1674,555,1047,33.15412186,62.54480287,68.69101354,29.39068101
3118,576,452,235,195,51.99115044,43.14159292,78.47222222,-8.84955752
3120,2342,2098,815,1241,38.8465205,59.15157293,89.58155423,20.30505243
3122,1653,1356,498,820,36.72566372,60.4719764,82.03266788,23.74631268
3124,1950,1500,642,797,42.8,53.13333333,76.92307692,10.33333333
3126,1592,1205,533,617,44.23236515,51.2033195,75.69095477,6.97095435
3128,2071,1620,661,911,40.80246914,56.2345679,78.22308064,15.43209876
3130,2805,2202,1004,1111,45.59491371,50.45413261,78.5026738,4.8592189
3132,2034,1494,688,744,46.05087015,49.79919679,73.45132743,3.74832663999999
3133,355,284,118,159,41.54929577,55.98591549,80,14.43661972
3134,1969,1317,348,931,26.42369021,70.69096431,66.88674454,44.2672741
3136,1738,1279,432,795,33.7763878,62.15793589,73.59033372,28.38154809
3138,1844,1391,525,808,37.7426312,58.08770669,75.43383948,20.34507549
3140,857,652,229,390,35.12269939,59.81595092,76.07934656,24.69325153
3142,673,503,173,310,34.39363817,61.63021869,74.73997028,27.23658052
3144,25,13,6,4,46.15384615,30.76923077,52,-15.38461538
3146,566,418,119,287,28.46889952,68.66028708,73.85159011,40.19138756
3148,161,110,58,50,52.72727273,45.45454545,68.32298137,-7.27272728
3150,1067,947,313,614,33.05174234,64.83632524,88.75351453,31.7845829
3152,1409,1223,482,708,39.41128373,57.89043336,86.79914833,18.47914963
3154,1404,1267,398,848,31.41278611,66.92975533,90.24216524,35.51696922
3156,2033,1602,526,1027,32.83395755,64.10736579,78.79980325,31.27340824
3158,2648,1975,897,1003,45.41772152,50.78481013,74.58459215,5.36708861
3160,1010,756,339,378,44.84126984,50,74.85148515,5.15873016
3162,1109,844,286,519,33.88625592,61.492891,76.10459874,27.60663508
3164,1859,1414,593,776,41.93776521,54.87977369,76.06239914,12.94200848
3166,914,668,349,300,52.24550898,44.91017964,73.08533917,-7.33532934
3168,1996,1483,520,903,35.06405934,60.89008766,74.29859719,25.82602832
3170,2568,1699,628,995,36.96291936,58.56386109,66.16043614,21.60094173
3172,954,552,156,368,28.26086957,66.66666667,57.86163522,38.4057971
3174,565,398,172,214,43.2160804,53.76884422,70.44247788,10.55276382
3176,396,275,99,165,36,60,69.44444444,24
3180,0,0,0,0,0,0,0,0
3182,209,147,42,98,28.57142857,66.66666667,70.33492823,38.0952381
3186,418,320,118,186,36.875,58.125,76.55502392,21.25
3187,1404,973,350,563,35.97122302,57.8622816,69.3019943,21.89105858
3188,1042,762,321,397,42.12598425,52.09973753,73.12859885,9.97375328
3190,631,424,116,288,27.35849057,67.9245283,67.19492868,40.56603773
3192,1261,967,400,544,41.36504654,56.25646329,76.6851705,14.89141675
3194,1302,850,193,608,22.70588235,71.52941176,65.28417819,48.82352941
3196,1502,1221,642,534,52.57985258,43.73464373,81.29161119,-8.84520884999999
3198,1222,986,525,424,53.24543611,43.0020284,80.68739771,-10.24340771
3200,1415,1066,433,574,40.61913696,53.84615385,75.33568905,13.22701689
3202,182,142,59,73,41.54929577,51.4084507,78.02197802,9.85915493
4002,1216,913,420,453,46.00219058,49.61664841,75.08223684,3.61445783
4004,1220,940,460,446,48.93617021,47.44680851,77.04918033,-1.4893617
4006,342,259,161,89,62.16216216,34.36293436,75.73099415,-27.7992278
4008,1540,1199,591,557,49.2910759,46.45537948,77.85714286,-2.83569642
4010,2192,1710,869,774,50.81871345,45.26315789,78.01094891,-5.55555556
4012,1550,1252,600,611,47.92332268,48.80191693,80.77419355,0.878594249999992
4014,1164,979,494,447,50.45965271,45.65883555,84.10652921,-4.80081716
4016,1066,793,283,465,35.68726356,58.63808323,74.3902439,22.95081967
4018,584,487,339,120,69.60985626,24.64065708,83.39041096,-44.96919918
4020,87,65,20,41,30.76923077,63.07692308,74.71264368,32.30769231
4022,1536,1064,254,772,23.87218045,72.55639098,69.27083333,48.68421053
4024,1320,1012,521,456,51.48221344,45.05928854,76.66666667,-6.42292490000001
4026,1447,1034,495,491,47.87234043,47.48549323,71.45818936,-0.386847200000005
4028,1587,1259,694,511,55.12311358,40.58776807,79.33207309,-14.53534551
4030,233,193,141,39,73.05699482,20.20725389,82.83261803,-52.84974093
4032,2,1,1,0,100,0,50,-100
4034,879,691,325,338,47.03328509,48.9146165,78.61205916,1.88133141
4036,938,775,427,321,55.09677419,41.41935484,82.62260128,-13.67741935
4038,317,223,130,84,58.29596413,37.66816143,70.34700315,-20.6278027
4040,0,0,0,0,0,0,0,0
4042,0,1,1,0,100,0,0,-100
4044,119,83,26,53,31.3253012,63.85542169,69.74789916,32.53012049
4046,498,420,299,104,71.19047619,24.76190476,84.3373494,-46.42857143
4048,337,263,142,109,53.99239544,41.44486692,78.04154303,-12.54752852
4050,1996,1691,445,1193,26.31578947,70.54997043,84.71943888,44.23418096
4052,246,171,70,95,40.93567251,55.55555556,69.51219512,14.61988305
4053,366,278,64,196,23.02158273,70.50359712,75.95628415,47.48201439
4054,1627,1298,663,568,51.07858243,43.7596302,79.77873387,-7.31895223
4056,0,0,0,0,0,0,0,0
4058,144,105,64,38,60.95238095,36.19047619,72.91666667,-24.76190476
4060,11,9,9,0,100,0,81.81818182,-100
4062,127,91,46,39,50.54945055,42.85714286,71.65354331,-7.69230768999999
4064,140,106,40,62,37.73584906,58.49056604,75.71428571,20.75471698
4066,0,0,0,0,0,0,0,0
4068,0,0,0,0,0,0,0,0
4070,0,1,0,1,0,100,0,100
4072,792,629,390,206,62.00317965,32.75039746,79.41919192,-29.25278219
4074,981,718,296,388,41.22562674,54.03899721,73.19062181,12.81337047
4076,1159,888,386,462,43.46846847,52.02702703,76.61777394,8.55855855999999
4078,10,8,3,4,37.5,50,80,12.5
4080,0,0,0,0,0,0,0,0
4082,6,5,5,0,100,0,83.33333333,-100
4084,97,68,25,42,36.76470588,61.76470588,70.10309278,25
4086,1268,1012,397,562,39.22924901,55.53359684,79.81072555,16.30434783
4088,1771,1419,459,903,32.34672304,63.63636364,80.1242236,31.2896406
4090,601,503,222,274,44.13518887,54.47316103,83.69384359,10.33797216
4092,1,1,0,1,0,100,100,100
4094,1853,1475,685,727,46.44067797,49.28813559,79.6006476,2.84745762
4096,775,486,33,447,6.790123457,91.97530864,62.70967742,85.185185183
4098,2292,1686,725,899,43.00118624,53.32147094,73.56020942,10.3202847
4100,347,274,140,117,51.09489051,42.70072993,78.96253602,-8.39416058000001
4102,1381,1001,490,458,48.95104895,45.75424575,72.48370746,-3.1968032
4104,1876,1446,607,783,41.97786999,54.14937759,77.07889126,12.1715076
4106,1094,862,408,421,47.33178654,48.83990719,78.79341865,1.50812065
4108,1277,1005,422,538,41.99004975,53.53233831,78.70007831,11.54228856
4110,1156,881,412,427,46.76503973,48.4676504,76.21107266,1.70261067
4112,1881,1510,750,689,49.66887417,45.62913907,80.2764487,-4.0397351
4114,2044,1578,780,740,49.42965779,46.89480355,77.20156556,-2.53485423999999
4116,81,70,29,36,41.42857143,51.42857143,86.41975309,10
4118,1678,1186,420,712,35.41315346,60.03372681,70.67938021,24.62057335
4120,1066,793,254,502,32.03026482,63.30390921,74.3902439,31.27364439
4122,1659,1184,428,694,36.14864865,58.61486486,71.36829415,22.46621621
4124,1863,1346,490,795,36.40416048,59.06389302,72.24906065,22.65973254
4126,1945,1492,861,582,57.7077748,39.0080429,76.70951157,-18.6997319
4128,2040,1681,907,738,53.95597858,43.90243902,82.40196078,-10.05353956
4129,111,72,41,30,56.94444444,41.66666667,64.86486486,-15.27777777
4130,1745,1388,663,672,47.76657061,48.41498559,79.54154728,0.648414980000005
4132,1003,826,400,411,48.42615012,49.75786925,82.35294118,1.33171913
4134,1380,1094,603,458,55.11882998,41.86471664,79.27536232,-13.25411334
4136,1684,1292,583,653,45.12383901,50.54179567,76.72209026,5.41795666
4138,2805,2074,1185,819,57.13596914,39.48891032,73.93939394,-17.64705882
4140,668,538,205,322,38.10408922,59.85130112,80.53892216,21.7472119
4142,2181,1801,785,946,43.58689617,52.52637424,82.57679963,8.93947806999999
4144,570,465,218,231,46.88172043,49.67741935,81.57894737,2.79569892
4146,1230,1046,453,565,43.30783939,54.01529637,85.04065041,10.70745698
4148,1424,1077,422,627,39.18291551,58.21727019,75.63202247,19.03435468
4150,518,375,164,192,43.73333333,51.2,72.39382239,7.46666667
4152,1896,1398,665,668,47.56795422,47.78254649,73.73417722,0.214592269999997
4154,1118,746,336,366,45.04021448,49.0616622,66.72629696,4.02144772
4156,1358,1112,552,526,49.64028777,47.30215827,81.88512518,-2.3381295
4158,2381,1976,807,1098,40.84008097,55.56680162,82.99034019,14.72672065
4160,1167,970,478,455,49.27835052,46.90721649,83.11910883,-2.37113403000001
4162,1421,1083,485,553,44.78301016,51.06186519,76.21393385,6.27885503
4164,1728,1373,645,658,46.9774217,47.92425346,79.45601852,0.946831760000002
4166,2750,1814,558,1170,30.76074972,64.4983462,65.96363636,33.73759648
4168,1867,1373,551,743,40.13109978,54.11507647,73.54043921,13.98397669
4170,2751,2025,1007,919,49.72839506,45.38271605,73.60959651,-4.34567901000001
4172,1918,1497,725,711,48.43019372,47.49498998,78.05005214,-0.935203739999999
4174,850,695,279,392,40.14388489,56.4028777,81.76470588,16.25899281
4176,2340,1765,727,974,41.1898017,55.18413598,75.42735043,13.99433428
4178,1919,1526,648,828,42.46395806,54.25950197,79.52058364,11.79554391
4180,1707,1359,562,739,41.35393672,54.37821928,79.61335677,13.02428256
4182,2241,1707,662,976,38.78148799,57.17633275,76.17135207,18.39484476
4184,1699,1309,662,597,50.57295646,45.60733384,77.04532078,-4.96562262
4186,1505,1103,473,565,42.88304624,51.22393472,73.28903654,8.34088848
4188,2133,1446,549,825,37.96680498,57.05394191,67.79184248,19.08713693
4190,2183,1670,903,694,54.07185629,41.55688623,76.50022904,-12.51497006
4192,2143,1550,955,537,61.61290323,34.64516129,72.32851143,-26.96774194
4194,1104,916,353,543,38.5371179,59.27947598,82.97101449,20.74235808
4196,1465,1243,501,723,40.30571199,58.16572808,84.84641638,17.86001609
4198,1630,1174,461,673,39.26746167,57.3253833,72.02453988,18.05792163
4200,980,815,392,393,48.09815951,48.2208589,83.16326531,0.122699390000001
4202,1940,1499,622,833,41.49432955,55.57038025,77.26804124,14.0760507
4204,1677,1211,430,727,35.50784476,60.03303055,72.21228384,24.52518579
4206,1440,1176,494,648,42.00680272,55.10204082,81.66666667,13.0952381
4208,2036,1648,607,990,36.83252427,60.07281553,80.94302554,23.24029126
4210,2032,1666,855,747,51.32052821,44.83793517,81.98818898,-6.48259304000001
4212,1962,1633,820,745,50.21432945,45.62155542,83.23139653,-4.59277402999999
4214,2068,1673,937,671,56.00717274,40.10759115,80.89941973,-15.89958159
4216,2329,1929,1084,749,56.19491965,38.8284085,82.82524689,-17.36651115
4218,1812,1425,865,499,60.70175439,35.01754386,78.64238411,-25.68421053
4220,1293,924,424,460,45.88744589,49.78354978,71.46171694,3.89610389
4222,2353,1820,919,835,50.49450549,45.87912088,77.3480663,-4.61538460999999
4224,2251,1716,1093,562,63.69463869,32.75058275,76.23278543,-30.94405594
4226,894,729,424,283,58.16186557,38.82030178,81.54362416,-19.34156379
4228,1543,1264,651,576,51.50316456,45.56962025,81.91834089,-5.93354431
4230,1061,829,433,367,52.23160434,44.27020507,78.133836,-7.96139927
5002,1121,858,457,380,53.26340326,44.28904429,76.53880464,-8.97435897
5003,1203,909,377,494,41.47414741,54.34543454,75.56109726,12.87128713
5004,4,4,3,1,75,25,100,-50
5006,1618,1497,506,952,33.8009352,63.59385438,92.52163164,29.79291918
5007,6,5,1,4,20,80,83.33333333,60
5008,1901,1695,642,1010,37.87610619,59.58702065,89.16359811,21.71091446
5009,2898,2304,963,1270,41.796875,55.12152778,79.50310559,13.32465278
5010,1527,1350,310,1013,22.96296296,75.03703704,88.4086444,52.07407408
5012,750,648,171,462,26.38888889,71.2962963,86.4,44.90740741
5014,1449,1090,414,624,37.98165138,57.24770642,75.22429262,19.26605504
5016,2106,1668,682,931,40.88729017,55.81534772,79.2022792,14.92805755
5018,1300,1087,318,745,29.25482981,68.53725851,83.61538462,39.2824287
5020,1284,993,328,625,33.03121853,62.94058409,77.3364486,29.90936556
5022,1721,1449,507,907,34.98964803,62.59489303,84.19523533,27.605245
5024,1034,926,313,597,33.8012959,64.47084233,89.55512573,30.66954643
5026,1831,1358,384,931,28.27687776,68.55670103,74.16712179,40.27982327
5028,1678,1408,566,777,40.19886364,55.18465909,83.90941597,14.98579545
5030,1288,888,230,635,25.9009009,71.50900901,68.94409938,45.60810811
5032,520,418,111,299,26.55502392,71.53110048,80.38461538,44.97607656
5034,1447,1307,372,918,28.46212701,70.23718439,90.32480995,41.77505738
5036,1305,1188,363,804,30.55555556,67.67676768,91.03448276,37.12121212
5038,1320,1190,351,807,29.49579832,67.81512605,90.15151515,38.31932773
5040,828,682,206,455,30.20527859,66.71554252,82.36714976,36.51026393
5042,1662,1350,420,894,31.11111111,66.22222222,81.22743682,35.11111111
5044,945,876,272,583,31.05022831,66.55251142,92.6984127,35.50228311
5046,2604,2208,702,1449,31.79347826,65.625,84.79262673,33.83152174
5048,1206,977,379,577,38.79222108,59.05834186,81.01160862,20.26612078
5050,1774,1551,404,1122,26.04771115,72.34042553,87.42953777,46.29271438
5052,1142,947,376,546,39.70432946,57.65575502,82.92469352,17.95142556
5054,2187,1753,904,786,51.5687393,44.83742156,80.15546411,-6.73131773999999
5055,572,513,183,319,35.67251462,62.18323587,89.68531469,26.51072125
5056,3099,2678,1015,1604,37.90141897,59.89544436,86.41497257,21.99402539
5058,1107,1019,271,729,26.59470069,71.5407262,92.05058717,44.94602551
5060,948,854,295,539,34.54332553,63.1147541,90.08438819,28.57142857
5062,884,778,284,480,36.50385604,61.6966581,88.00904977,25.19280206
5064,1651,1371,395,954,28.8110868,69.58424508,83.04058147,40.77315828
5066,1354,1068,399,640,37.35955056,59.92509363,78.8774003,22.56554307
5068,395,322,102,208,31.67701863,64.59627329,81.51898734,32.91925466
5070,847,678,251,413,37.02064897,60.91445428,80.0472255,23.89380531
5072,1214,1026,229,773,22.31968811,75.3411306,84.51400329,53.02144249
5074,647,497,176,304,35.41247485,61.16700201,76.81607419,25.75452716
5076,1145,930,279,627,30,67.41935484,81.22270742,37.41935484
5078,1119,872,301,544,34.51834862,62.3853211,77.92672029,27.86697248
5080,201,140,51,81,36.42857143,57.85714286,69.65174129,21.42857143
5082,1297,972,380,564,39.09465021,58.02469136,74.94217425,18.93004115
5084,992,771,329,419,42.67185473,54.34500649,77.72177419,11.67315176
5086,78,49,18,29,36.73469388,59.18367347,62.82051282,22.44897959
5088,464,302,109,179,36.09271523,59.27152318,65.0862069,23.17880795
5090,1892,1594,537,1016,33.68883312,63.73902133,84.24947146,30.05018821
5092,1473,1239,404,810,32.60694108,65.37530266,84.11405295,32.76836158
5094,655,529,181,340,34.21550095,64.27221172,80.76335878,30.05671077
5096,1664,1266,467,769,36.8878357,60.74249605,76.08173077,23.85466035
5098,769,640,263,369,41.09375,57.65625,83.22496749,16.5625
5100,1577,1205,396,769,32.86307054,63.81742739,76.41090679,30.95435685
5102,1681,1278,328,915,25.66510172,71.59624413,76.0261749,45.93114241
5104,1523,1162,391,739,33.64888124,63.59724613,76.29678267,29.94836489
5106,2261,1619,642,909,39.65410747,56.14576899,71.6054843,16.49166152
5108,2575,2178,1015,1108,46.60238751,50.87235996,84.58252427,4.26997245
5110,1373,1199,589,566,49.12427023,47.206005,87.32702112,-1.91826523
5111,159,112,55,54,49.10714286,48.21428571,70.44025157,-0.892857150000005
5112,1605,1343,650,650,48.39910648,48.39910648,83.67601246,0
5113,75,56,28,26,50,46.42857143,74.66666667,-3.57142857
5114,570,466,217,230,46.56652361,49.35622318,81.75438596,2.78969957
5115,0,1,1,0,100,0,0,-100
5116,1486,1289,595,655,46.15981381,50.81458495,86.74293405,4.65477113999999
5117,605,515,205,297,39.80582524,57.66990291,85.12396694,17.86407767
5118,297,217,94,116,43.31797235,53.4562212,73.06397306,10.13824885
5119,90,79,34,43,43.03797468,54.43037975,87.77777778,11.39240507
5120,22,5,2,3,40,60,22.72727273,20
5122,650,488,166,306,34.01639344,62.70491803,75.07692308,28.68852459
5124,387,295,127,160,43.05084746,54.23728814,76.22739018,11.18644068
5126,493,416,112,293,26.92307692,70.43269231,84.38133874,43.50961539
5128,1823,1434,570,808,39.74895397,56.34588563,78.6615469,16.59693166
5130,1698,1350,631,678,46.74074074,50.22222222,79.50530035,3.48148148
5132,2128,1619,639,921,39.46880791,56.88696726,76.08082707,17.41815935
5134,1409,1064,492,526,46.2406015,49.43609023,75.51454933,3.19548873000001
5136,2080,1569,613,904,39.069471,57.61631612,75.43269231,18.54684512
5138,1976,1485,579,854,38.98989899,57.50841751,75.15182186,18.51851852
5140,2689,1959,820,1052,41.85809086,53.70086779,72.85236147,11.84277693
5142,778,633,284,334,44.8657188,52.76461295,81.36246787,7.89889415
5144,1744,1462,506,931,34.61012312,63.67989056,83.83027523,29.06976744
5146,1792,1398,573,811,40.98712446,58.01144492,78.01339286,17.02432046
5148,1363,1000,344,616,34.4,61.6,73.36757153,27.2
5150,1143,881,287,574,32.57661748,65.15323496,77.07786527,32.57661748
5152,2403,1896,879,968,46.36075949,51.05485232,78.90137328,4.69409283
5154,2347,1796,796,957,44.32071269,53.28507795,76.52322113,8.96436526
5156,1733,1323,520,773,39.30461073,58.42781557,76.34160415,19.12320484
5158,1492,1264,473,762,37.42088608,60.28481013,84.71849866,22.86392405
5160,1561,1339,489,817,36.51979089,61.01568335,85.77834721,24.49589246
5162,2143,1657,811,776,48.94387447,46.83162342,77.3215119,-2.11225105
5164,2218,1747,666,1037,38.12249571,59.35890097,78.76465284,21.23640526
5166,2028,1525,619,844,40.59016393,55.3442623,75.19723866,14.75409837
5168,2076,1621,590,969,36.39728563,59.77791487,78.08285164,23.38062924
5170,2376,1828,603,1173,32.9868709,64.16849015,76.93602694,31.18161925
5172,720,589,326,236,55.34804754,40.06791171,81.80555556,-15.28013583
5174,2428,1892,889,933,46.98731501,49.31289641,77.92421746,2.3255814
5176,1163,886,356,493,40.18058691,55.64334086,76.18228719,15.46275395
5178,1821,1262,536,672,42.47226624,53.24881141,69.302581,10.77654517
5180,1657,1024,396,591,38.671875,57.71484375,61.7984309,19.04296875
5182,1466,939,331,579,35.25026624,61.66134185,64.05184175,26.41107561
5184,2187,1564,563,956,35.99744246,61.12531969,71.5134888,25.12787723
5186,2335,1578,427,1076,27.05956907,68.18757921,67.58029979,41.12801014
5188,2160,1590,636,896,40,56.35220126,73.61111111,16.35220126
5190,1062,785,298,459,37.96178344,58.47133758,73.91713748,20.50955414
5192,2616,1970,751,1126,38.12182741,57.15736041,75.3058104,19.035533
5194,941,698,281,384,40.25787966,55.01432665,74.17640808,14.75644699
6002,238,186,98,83,52.68817204,44.62365591,78.1512605,-8.06451613000001
6004,1419,899,146,737,16.24026696,81.97997775,63.35447498,65.73971079
6006,1447,925,106,810,11.45945946,87.56756757,63.92536282,76.10810811
6008,743,370,4,358,1.081081081,96.75675676,49.79811575,95.675675679
6010,42,27,1,24,3.703703704,88.88888889,64.28571429,85.185185186
6012,259,162,29,132,17.90123457,81.48148148,62.54826255,63.58024691
6014,4,3,3,0,100,0,75,-100
6016,147,95,54,38,56.84210526,40,64.62585034,-16.84210526
6018,1472,945,40,883,4.232804233,93.43915344,64.19836957,89.206349207
6020,752,421,85,333,20.19002375,79.09738717,55.98404255,58.90736342
6022,1771,1071,43,1016,4.014939309,94.86461251,60.4743083,90.849673201
6024,2170,1364,24,1323,1.759530792,96.9941349,62.85714286,95.234604108
6026,3,1,0,1,0,100,33.33333333,100
6028,1483,1028,389,615,37.84046693,59.82490272,69.31894808,21.98443579
6029,11,1,0,1,0,100,9.090909091,100
6030,24,10,3,7,30,70,41.66666667,40
6032,1150,822,251,551,30.53527981,67.03163017,71.47826087,36.49635036
6034,11,8,8,0,100,0,72.72727273,-100
6036,784,458,106,341,23.1441048,74.45414847,58.41836735,51.31004367
6038,0,0,0,0,0,0,0,0
6040,315,228,145,72,63.59649123,31.57894737,72.38095238,-32.01754386
6042,2823,2122,1169,883,55.08953817,41.61168709,75.16826072,-13.47785108
6044,2983,2200,1220,917,55.45454545,41.68181818,73.75125712,-13.77272727
6046,2196,1625,929,644,57.16923077,39.63076923,73.99817851,-17.53846154
6048,0,0,0,0,0,0,0,0
6050,3085,2285,1225,964,53.61050328,42.18818381,74.06807131,-11.42231947
6052,1578,1161,601,520,51.76571921,44.78897502,73.57414449,-6.97674419000001
6054,0,0,0,0,0,0,0,0
6056,0,0,0,0,0,0,0,0
6058,2571,1945,987,889,50.74550129,45.70694087,75.65149747,-5.03856041999999
6060,2435,1726,889,776,51.50637312,44.9594438,70.88295688,-6.54692932000001
6062,767,623,348,251,55.85874799,40.28892456,81.22555411,-15.56982343
6064,114,134,93,39,69.40298507,29.10447761,117.5438596,-40.29850746
6066,2617,2262,1113,1048,49.20424403,46.33068081,86.43484906,-2.87356321999999
6068,0,0,0,0,0,0,0,0
6070,498,426,244,165,57.27699531,38.73239437,85.54216867,-18.54460094
6072,5,2,0,2,0,100,40,100
6073,0,0,0,0,0,0,0,0
6074,0,0,0,0,0,0,0,0
6076,1833,1293,719,517,55.60711524,39.9845321,70.5400982,-15.62258314
6078,1896,1330,739,524,55.56390977,39.39849624,70.14767932,-16.16541353
6080,1864,1298,723,521,55.70107858,40.13867488,69.63519313,-15.5624037
6082,26,14,10,4,71.42857143,28.57142857,53.84615385,-42.85714286
6084,0,0,0,0,0,0,0,0
6086,854,659,384,246,58.27010622,37.3292868,77.16627635,-20.94081942
6088,1599,1140,651,436,57.10526316,38.24561404,71.2945591,-18.85964912
6090,2094,1496,828,614,55.34759358,41.04278075,71.44221585,-14.30481283
6092,533,398,223,165,56.03015075,41.45728643,74.67166979,-14.57286432
6094,2166,1550,914,567,58.96774194,36.58064516,71.56048015,-22.38709678
6096,0,0,0,0,0,0,0,0
6098,1270,978,416,522,42.53578732,53.37423313,77.00787402,10.83844581
6100,2577,1987,760,1167,38.248616,58.73175642,77.10516104,20.48314042
6102,1556,1172,534,599,45.56313993,51.10921502,75.32133676,5.54607509
6104,437,345,153,182,44.34782609,52.75362319,78.94736842,8.4057971
6106,534,348,111,224,31.89655172,64.36781609,65.16853933,32.47126437
6108,0,0,0,0,0,0,0,0
6110,7,3,3,0,100,0,42.85714286,-100
6112,1037,791,378,385,47.78761062,48.67256637,76.2777242,0.884955750000003
6114,2421,1726,688,959,39.86095017,55.56199305,71.29285419,15.70104288
6116,1564,1150,433,674,37.65217391,58.60869565,73.52941176,20.95652174
6118,2270,1644,617,962,37.53041363,58.51581509,72.42290749,20.98540146
6120,842,703,336,343,47.79516358,48.79089616,83.49168646,0.995732580000002
6122,2479,1761,661,1022,37.5354912,58.03520727,71.03670835,20.49971607
6124,1252,820,303,486,36.95121951,59.26829268,65.49520767,22.31707317
6126,1327,986,304,644,30.831643,65.31440162,74.30293896,34.48275862
6128,87,64,19,41,29.6875,64.0625,73.56321839,34.375
6130,215,140,42,93,30,66.42857143,65.11627907,36.42857143
6132,848,557,207,322,37.16337522,57.80969479,65.68396226,20.64631957
6134,2017,1421,440,916,30.96410978,64.46164673,70.4511651,33.49753695
6136,0,2,1,1,50,50,0,0
6138,0,0,0,0,0,0,0,0
6140,1018,825,449,354,54.42424242,42.90909091,81.04125737,-11.51515151
6142,2,2,2,0,100,0,100,-100
6144,0,0,0,0,0,0,0,0
6146,5,2,0,2,0,100,40,100
6148,0,0,0,0,0,0,0,0
6150,100,78,36,38,46.15384615,48.71794872,78,2.56410257
6152,1257,990,545,405,55.05050505,40.90909091,78.75894988,-14.14141414
6154,1413,1106,554,514,50.09041591,46.47377939,78.27317764,-3.61663652
6156,1891,1421,717,634,50.45742435,44.61646728,75.1454257,-5.84095707
6158,2306,1806,948,786,52.49169435,43.52159468,78.31743278,-8.97009967
6160,1777,1296,615,620,47.4537037,47.83950617,72.93190771,0.385802470000002
6162,2028,1494,686,742,45.91700134,49.66532798,73.66863905,3.74832664
6164,2155,1668,771,835,46.22302158,50.05995204,77.40139211,3.83693046
6166,2513,1875,904,893,48.21333333,47.62666667,74.61201751,-0.586666660000006
6168,443,346,181,154,52.31213873,44.50867052,78.10383747,-7.80346821000001
6170,43,26,9,14,34.61538462,53.84615385,60.46511628,19.23076923
6172,2278,1556,474,1034,30.46272494,66.45244216,68.30553117,35.98971722
6174,106,81,63,18,77.77777778,22.22222222,76.41509434,-55.55555556
6176,0,0,0,0,0,0,0,0
6178,1223,947,367,541,38.75395987,57.12777191,77.43254293,18.37381204
6180,76,68,47,19,69.11764706,27.94117647,89.47368421,-41.17647059
6182,1061,761,434,305,57.03022339,40.07884363,71.72478794,-16.95137976
6184,1830,1273,590,636,46.34721131,49.9607227,69.56284153,3.61351138999999
6186,2033,1408,583,770,41.40625,54.6875,69.25725529,13.28125
6188,817,631,355,245,56.25990491,38.82725832,77.23378213,-17.43264659
6190,1935,1292,477,747,36.91950464,57.81733746,66.77002584,20.89783282
6192,2496,1876,829,969,44.18976546,51.65245203,75.16025641,7.46268656999999
6194,1102,781,317,441,40.58898848,56.46606914,70.87114338,15.87708066
6196,0,0,0,0,0,0,0,0
6198,1158,822,305,493,37.10462287,59.9756691,70.98445596,22.87104623
6200,1560,1173,560,569,47.74083546,48.50809889,75.19230769,0.76726343
6202,4,3,3,0,100,0,75,-100
6204,9,9,4,5,44.44444444,55.55555556,100,11.11111112
6206,617,479,232,229,48.434238,47.80793319,77.63371151,-0.626304810000001
6207,851,663,342,281,51.58371041,42.38310709,77.90834313,-9.20060332000001
6208,719,645,299,334,46.35658915,51.78294574,89.70792768,5.42635659
6210,3535,2681,1175,1440,43.82693025,53.71130175,75.84158416,9.88437149999999
6212,519,362,219,132,60.49723757,36.4640884,69.7495183,-24.03314917
6214,2138,1618,790,771,48.82571075,47.65142151,75.67820393,-1.17428923999999
6216,561,431,200,207,46.4037123,48.02784223,76.82709447,1.62412993
6218,0,0,0,0,0,0,0,0
6220,114,96,37,55,38.54166667,57.29166667,84.21052632,18.75
6222,0,0,0,0,0,0,0,0
6224,2507,2005,1099,850,54.81296758,42.39401496,79.97606701,-12.41895262
6226,2047,1641,787,801,47.95856185,48.81170018,80.16609673,0.853138330000007
6228,1513,1354,426,894,31.46233383,66.02658789,89.49107733,34.56425406
6230,1868,1428,731,639,51.19047619,44.74789916,76.44539615,-6.44257703
6232,2002,1427,781,602,54.73020322,42.18640505,71.27872128,-12.54379817
7002,6,2,0,2,0,100,33.33333333,100
7004,0,0,0,0,0,0,0,0
7006,3,2,2,0,100,0,66.66666667,-100
7008,0,0,0,0,0,0,0,0
7010,427,230,14,211,6.086956522,91.73913043,53.86416862,85.652173908
7012,1662,1048,165,838,15.74427481,79.96183206,63.05655836,64.21755725
7014,0,0,0,0,0,0,0,0
7016,2,1,1,0,100,0,50,-100
7018,0,2,0,2,0,100,0,100
7020,0,0,0,0,0,0,0,0
7022,1246,927,147,750,15.85760518,80.90614887,74.39807384,65.04854369
7024,1897,1225,63,1135,5.142857143,92.65306122,64.57564576,87.510204077
7025,385,243,29,203,11.93415638,83.53909465,63.11688312,71.60493827
7026,2653,1785,30,1718,1.680672269,96.2464986,67.2823219,94.565826331
7028,2322,1455,92,1333,6.323024055,91.61512027,62.66149871,85.292096215
7030,619,491,278,195,56.6191446,39.71486762,79.32148627,-16.90427698
7032,0,0,0,0,0,0,0,0
7034,1949,1353,208,1111,15.37324464,82.11382114,69.4202155,66.7405765
7036,6,3,1,2,33.33333333,66.66666667,50,33.33333334
7038,1,0,0,0,0,0,0,0
7040,1476,939,26,892,2.768903088,94.99467519,63.61788618,92.225772102
7041,454,301,18,272,5.980066445,90.3654485,66.29955947,84.385382055
7042,2121,1396,37,1321,2.650429799,94.62750716,65.81801037,91.977077361
7044,1781,1159,87,1048,7.506471096,90.42277826,65.07580011,82.916307164
7046,117,84,51,31,60.71428571,36.9047619,71.79487179,-23.80952381
7048,418,269,9,254,3.345724907,94.42379182,64.35406699,91.078066913
7050,4,3,3,0,100,0,75,-100
7052,0,0,0,0,0,0,0,0
7054,1262,880,74,790,8.409090909,89.77272727,69.73058637,81.363636361
7056,1,0,0,0,0,0,0,0
7058,2254,1663,353,1224,21.22669874,73.60192423,73.77994676,52.37522549
7060,1471,1077,53,1006,4.921077066,93.40761374,73.21549966,88.486536674
7062,973,633,29,589,4.58135861,93.04897314,65.05652621,88.46761453
7064,1883,1237,115,1086,9.29668553,87.7930477,65.69304302,78.49636217
7066,1764,1091,166,892,15.21539872,81.75985335,61.84807256,66.54445463
7068,1723,1043,203,792,19.46308725,75.93480345,60.53395241,56.4717162
7070,1184,870,364,464,41.83908046,53.33333333,73.47972973,11.49425287
7072,484,417,99,306,23.74100719,73.38129496,86.15702479,49.64028777
7074,308,189,20,166,10.58201058,87.83068783,61.36363636,77.24867725
7076,7,5,3,2,60,40,71.42857143,-20
7078,472,359,65,277,18.10584958,77.15877437,76.05932203,59.05292479
7080,54,46,6,39,13.04347826,84.7826087,85.18518519,71.73913044
7082,1794,1315,347,919,26.3878327,69.88593156,73.29988852,43.49809886
7084,1388,971,242,676,24.92276004,69.61894954,69.95677233,44.6961895
7086,15,14,3,11,21.42857143,78.57142857,93.33333333,57.14285714
7088,1537,1220,521,657,42.70491803,53.85245902,79.37540664,11.14754099
7090,2804,1860,412,1371,22.15053763,73.70967742,66.33380884,51.55913979
7092,218,182,37,137,20.32967033,75.27472527,83.48623853,54.94505494
7094,911,683,100,556,14.64128843,81.40556369,74.97255763,66.76427526
7096,1664,1115,290,776,26.00896861,69.59641256,67.00721154,43.58744395
7098,73,36,16,17,44.44444444,47.22222222,49.31506849,2.77777777999999
7100,2087,1385,457,841,32.99638989,60.72202166,66.36320077,27.72563177
7102,1163,793,161,616,20.30264817,77.67969735,68.18572657,57.37704918
7104,1415,1149,341,754,29.67798085,65.62228024,81.20141343,35.94429939
7106,2396,1451,76,1334,5.237767057,91.93659545,60.55926544,86.698828393
7108,922,673,249,391,36.99851412,58.09806835,72.99349241,21.09955423
7110,1148,670,158,489,23.58208955,72.98507463,58.36236934,49.40298508
7112,208,154,33,117,21.42857143,75.97402597,74.03846154,54.54545454
7114,0,0,0,0,0,0,0,0
7116,2,1,0,1,0,100,50,100
7118,102,38,16,22,42.10526316,57.89473684,37.25490196,15.78947368
7120,502,266,66,181,24.81203008,68.04511278,52.98804781,43.2330827
7122,0,0,0,0,0,0,0,0
7124,1665,1160,119,1019,10.25862069,87.84482759,69.66966967,77.5862069
7126,2944,1922,462,1368,24.03746098,71.17585848,65.28532609,47.1383975
7128,2542,1605,71,1494,4.423676012,93.08411215,63.13926042,88.660436138
7130,2347,1762,686,970,38.93303065,55.05107832,75.07456327,16.11804767
7132,1385,998,422,529,42.28456914,53.00601202,72.05776173,10.72144288
7134,1368,807,117,660,14.49814126,81.78438662,58.99122807,67.28624536
7136,113,67,29,31,43.28358209,46.26865672,59.2920354,2.98507463
7138,2906,1762,358,1344,20.31782066,76.276958,60.63317275,55.95913734
7140,256,177,82,92,46.32768362,51.97740113,69.140625,5.64971751
7142,66,45,6,37,13.33333333,82.22222222,68.18181818,68.88888889
7144,78,53,1,50,1.886792453,94.33962264,67.94871795,92.452830187
7146,354,220,12,202,5.454545455,91.81818182,62.14689266,86.363636365
7148,150,85,24,56,28.23529412,65.88235294,56.66666667,37.64705882
7149,105,54,8,45,14.81481481,83.33333333,51.42857143,68.51851852
7150,897,680,265,375,38.97058824,55.14705882,75.80824972,16.17647058
7152,1395,1042,470,504,45.10556622,48.36852207,74.6953405,3.26295585
7154,655,514,317,174,61.67315175,33.85214008,78.47328244,-27.82101167
7156,192,152,83,57,54.60526316,37.5,79.16666667,-17.10526316
7158,1339,1044,436,569,41.76245211,54.50191571,77.96863331,12.7394636
7160,1772,1090,177,876,16.23853211,80.36697248,61.51241535,64.12844037
7162,1397,872,125,718,14.33486239,82.33944954,62.41947029,68.00458715
7164,731,515,196,299,38.05825243,58.05825243,70.45143639,20
7166,979,806,380,402,47.14640199,49.87593052,82.32890705,2.72952853
7168,2724,1896,653,1161,34.44092827,61.23417722,69.60352423,26.79324895
7170,1496,988,371,571,37.55060729,57.79352227,66.04278075,20.24291498
7172,732,494,222,248,44.93927126,50.20242915,67.4863388,5.26315789
7174,1674,1070,202,829,18.87850467,77.47663551,63.91875747,58.59813084
7176,282,195,51,138,26.15384615,70.76923077,69.14893617,44.61538462
7178,2695,1780,335,1394,18.82022472,78.31460674,66.04823748,59.49438202
7180,3097,2056,156,1857,7.587548638,90.32101167,66.38682596,82.733463032
7182,1714,1159,39,1093,3.364969802,94.30543572,67.61960327,90.940465918
7184,5,5,1,4,20,80,100,60
7186,2536,1719,378,1264,21.9895288,73.53112275,67.78391167,51.54159395
7188,1675,1138,463,624,40.68541301,54.83304042,67.94029851,14.14762741
7190,2234,1533,545,911,35.55120678,59.42596217,68.62130707,23.87475539
7192,34,15,5,9,33.33333333,60,44.11764706,26.66666667
7194,1431,916,305,564,33.29694323,61.5720524,64.01118099,28.27510917
7196,2218,1584,254,1283,16.03535354,80.99747475,71.41568981,64.96212121
7198,93,63,31,31,49.20634921,49.20634921,67.74193548,0
7200,1753,1168,85,1069,7.27739726,91.5239726,66.62863662,84.24657534
7202,1312,916,287,598,31.33187773,65.28384279,69.81707317,33.95196506
7204,184,125,58,65,46.4,52,67.93478261,5.59999999999999
7206,168,112,56,49,50,43.75,66.66666667,-6.25
7208,1396,942,198,711,21.01910828,75.47770701,67.47851003,54.45859873
7210,2126,1402,41,1331,2.924393723,94.93580599,65.94543744,92.011412267
7212,2156,1251,181,1030,14.46842526,82.33413269,58.02411874,67.86570743
7214,1754,970,233,696,24.02061856,71.75257732,55.30216648,47.73195876
8001,223,79,16,58,20.25316456,73.41772152,35.42600897,53.16455696
8002,289,92,41,44,44.56521739,47.82608696,31.83391003,3.26086957
